-- MySQL dump 10.13  Distrib 5.7.22, for Linux (x86_64)
--
-- Host: localhost    Database: apirest_db
-- ------------------------------------------------------
-- Server version	5.7.22-0ubuntu0.16.04.1

/*!40101 SET @OLD_CHARACTER_SET_CLIENT=@@CHARACTER_SET_CLIENT */;
/*!40101 SET @OLD_CHARACTER_SET_RESULTS=@@CHARACTER_SET_RESULTS */;
/*!40101 SET @OLD_COLLATION_CONNECTION=@@COLLATION_CONNECTION */;
/*!40101 SET NAMES utf8 */;
/*!40103 SET @OLD_TIME_ZONE=@@TIME_ZONE */;
/*!40103 SET TIME_ZONE='+00:00' */;
/*!40014 SET @OLD_UNIQUE_CHECKS=@@UNIQUE_CHECKS, UNIQUE_CHECKS=0 */;
/*!40014 SET @OLD_FOREIGN_KEY_CHECKS=@@FOREIGN_KEY_CHECKS, FOREIGN_KEY_CHECKS=0 */;
/*!40101 SET @OLD_SQL_MODE=@@SQL_MODE, SQL_MODE='NO_AUTO_VALUE_ON_ZERO' */;
/*!40111 SET @OLD_SQL_NOTES=@@SQL_NOTES, SQL_NOTES=0 */;

--
-- Table structure for table `app_modelo_cliente`
--

DROP TABLE IF EXISTS `app_modelo_cliente`;
/*!40101 SET @saved_cs_client     = @@character_set_client */;
/*!40101 SET character_set_client = utf8 */;
CREATE TABLE `app_modelo_cliente` (
  `cliente_id` int(11) NOT NULL AUTO_INCREMENT,
  `nombre` varchar(30) NOT NULL,
  `apellido` varchar(30) NOT NULL,
  `celular` int(11) NOT NULL,
  `latitud` varchar(30) NOT NULL,
  `longitud` varchar(30) NOT NULL,
  `precio_total` varchar(30) NOT NULL,
  `distancia` varchar(10) DEFAULT NULL,
  `tipo_pedido` varchar(15) NOT NULL,
  `empresa` varchar(30) NOT NULL,
  `ubicacion` varchar(100) DEFAULT NULL,
  `encargado` varchar(30) DEFAULT NULL,
  `comentario` varchar(200) DEFAULT NULL,
  `status` int(11) NOT NULL,
  `fecha` date NOT NULL,
  `hora` time(6) NOT NULL,
  `token` varchar(200) NOT NULL,
  `fecha_programado` date DEFAULT NULL,
  `hora_programado` time(6) DEFAULT NULL,
  `fecha_aceptado` date DEFAULT NULL,
  `hora_aceptado` time(6) DEFAULT NULL,
  PRIMARY KEY (`cliente_id`)
) ENGINE=InnoDB DEFAULT CHARSET=utf8;
/*!40101 SET character_set_client = @saved_cs_client */;

--
-- Dumping data for table `app_modelo_cliente`
--

LOCK TABLES `app_modelo_cliente` WRITE;
/*!40000 ALTER TABLE `app_modelo_cliente` DISABLE KEYS */;
/*!40000 ALTER TABLE `app_modelo_cliente` ENABLE KEYS */;
UNLOCK TABLES;

--
-- Table structure for table `app_modelo_comentario`
--

DROP TABLE IF EXISTS `app_modelo_comentario`;
/*!40101 SET @saved_cs_client     = @@character_set_client */;
/*!40101 SET character_set_client = utf8 */;
CREATE TABLE `app_modelo_comentario` (
  `id` int(11) NOT NULL AUTO_INCREMENT,
  `nombre` varchar(30) NOT NULL,
  `apellido` varchar(30) NOT NULL,
  `comentario` varchar(200) NOT NULL,
  PRIMARY KEY (`id`)
) ENGINE=InnoDB DEFAULT CHARSET=utf8;
/*!40101 SET character_set_client = @saved_cs_client */;

--
-- Dumping data for table `app_modelo_comentario`
--

LOCK TABLES `app_modelo_comentario` WRITE;
/*!40000 ALTER TABLE `app_modelo_comentario` DISABLE KEYS */;
/*!40000 ALTER TABLE `app_modelo_comentario` ENABLE KEYS */;
UNLOCK TABLES;

--
-- Table structure for table `app_modelo_contador`
--

DROP TABLE IF EXISTS `app_modelo_contador`;
/*!40101 SET @saved_cs_client     = @@character_set_client */;
/*!40101 SET character_set_client = utf8 */;
CREATE TABLE `app_modelo_contador` (
  `id` int(11) NOT NULL AUTO_INCREMENT,
  `fecha` date NOT NULL,
  `hora` time(6) NOT NULL,
  `cantidad` int(10) unsigned DEFAULT NULL,
  PRIMARY KEY (`id`)
) ENGINE=InnoDB AUTO_INCREMENT=2 DEFAULT CHARSET=utf8;
/*!40101 SET character_set_client = @saved_cs_client */;

--
-- Dumping data for table `app_modelo_contador`
--

LOCK TABLES `app_modelo_contador` WRITE;
/*!40000 ALTER TABLE `app_modelo_contador` DISABLE KEYS */;
INSERT INTO `app_modelo_contador` VALUES (1,'2018-05-30','12:39:30.338651',1);
/*!40000 ALTER TABLE `app_modelo_contador` ENABLE KEYS */;
UNLOCK TABLES;

--
-- Table structure for table `app_modelo_empresa`
--

DROP TABLE IF EXISTS `app_modelo_empresa`;
/*!40101 SET @saved_cs_client     = @@character_set_client */;
/*!40101 SET character_set_client = utf8 */;
CREATE TABLE `app_modelo_empresa` (
  `id` int(11) NOT NULL AUTO_INCREMENT,
  `empresa` varchar(30) NOT NULL,
  `latitud` varchar(20) NOT NULL,
  `longitud` varchar(20) NOT NULL,
  `telefono` varchar(20) NOT NULL,
  `tipo_pago` varchar(20) NOT NULL,
  `hora_atencion_inicio` time(6) NOT NULL,
  `hora_atencion_fin` time(6) NOT NULL,
  `fechas_de_atencion` varchar(25) NOT NULL,
  `rango_delivery` varchar(10) NOT NULL,
  `costo_delivery` varchar(20) NOT NULL,
  PRIMARY KEY (`id`)
) ENGINE=InnoDB AUTO_INCREMENT=2 DEFAULT CHARSET=utf8;
/*!40101 SET character_set_client = @saved_cs_client */;

--
-- Dumping data for table `app_modelo_empresa`
--

LOCK TABLES `app_modelo_empresa` WRITE;
/*!40000 ALTER TABLE `app_modelo_empresa` DISABLE KEYS */;
INSERT INTO `app_modelo_empresa` VALUES (1,'tio ss','-25.668','-57.235','9238232','efectivo','19:00:00.000000','00:00:00.000000','1,2,3,4,5,6,7','5 km.','5000 Gs.');
/*!40000 ALTER TABLE `app_modelo_empresa` ENABLE KEYS */;
UNLOCK TABLES;

--
-- Table structure for table `app_modelo_encargado`
--

DROP TABLE IF EXISTS `app_modelo_encargado`;
/*!40101 SET @saved_cs_client     = @@character_set_client */;
/*!40101 SET character_set_client = utf8 */;
CREATE TABLE `app_modelo_encargado` (
  `id` int(11) NOT NULL AUTO_INCREMENT,
  `nombre_id` int(11) NOT NULL,
  `telefono` int(11) NOT NULL,
  `puesto` varchar(15) NOT NULL,
  `empresa_id` int(11) NOT NULL,
  PRIMARY KEY (`id`)
) ENGINE=InnoDB DEFAULT CHARSET=utf8;
/*!40101 SET character_set_client = @saved_cs_client */;

--
-- Dumping data for table `app_modelo_encargado`
--

LOCK TABLES `app_modelo_encargado` WRITE;
/*!40000 ALTER TABLE `app_modelo_encargado` DISABLE KEYS */;
/*!40000 ALTER TABLE `app_modelo_encargado` ENABLE KEYS */;
UNLOCK TABLES;

--
-- Table structure for table `app_modelo_pedido`
--

DROP TABLE IF EXISTS `app_modelo_pedido`;
/*!40101 SET @saved_cs_client     = @@character_set_client */;
/*!40101 SET character_set_client = utf8 */;
CREATE TABLE `app_modelo_pedido` (
  `id` int(11) NOT NULL AUTO_INCREMENT,
  `cliente_id` int(11) NOT NULL,
  `producto` varchar(30) DEFAULT NULL,
  `cantidad` varchar(30) DEFAULT NULL,
  PRIMARY KEY (`id`),
  KEY `app_modelo_pedido_cliente_id_01606d8f_fk_app_model` (`cliente_id`),
  CONSTRAINT `app_modelo_pedido_cliente_id_01606d8f_fk_app_model` FOREIGN KEY (`cliente_id`) REFERENCES `app_modelo_cliente` (`cliente_id`)
) ENGINE=InnoDB DEFAULT CHARSET=utf8;
/*!40101 SET character_set_client = @saved_cs_client */;

--
-- Dumping data for table `app_modelo_pedido`
--

LOCK TABLES `app_modelo_pedido` WRITE;
/*!40000 ALTER TABLE `app_modelo_pedido` DISABLE KEYS */;
/*!40000 ALTER TABLE `app_modelo_pedido` ENABLE KEYS */;
UNLOCK TABLES;

--
-- Table structure for table `app_modelo_producto`
--

DROP TABLE IF EXISTS `app_modelo_producto`;
/*!40101 SET @saved_cs_client     = @@character_set_client */;
/*!40101 SET character_set_client = utf8 */;
CREATE TABLE `app_modelo_producto` (
  `id` int(11) NOT NULL AUTO_INCREMENT,
  `empresa_id` int(11) NOT NULL,
  `producto` varchar(30) NOT NULL,
  `precio` int(10) unsigned NOT NULL,
  PRIMARY KEY (`id`),
  KEY `app_modelo_producto_empresa_id_02996840_fk_app_modelo_empresa_id` (`empresa_id`),
  CONSTRAINT `app_modelo_producto_empresa_id_02996840_fk_app_modelo_empresa_id` FOREIGN KEY (`empresa_id`) REFERENCES `app_modelo_empresa` (`id`)
) ENGINE=InnoDB DEFAULT CHARSET=utf8;
/*!40101 SET character_set_client = @saved_cs_client */;

--
-- Dumping data for table `app_modelo_producto`
--

LOCK TABLES `app_modelo_producto` WRITE;
/*!40000 ALTER TABLE `app_modelo_producto` DISABLE KEYS */;
/*!40000 ALTER TABLE `app_modelo_producto` ENABLE KEYS */;
UNLOCK TABLES;

--
-- Table structure for table `auth_group`
--

DROP TABLE IF EXISTS `auth_group`;
/*!40101 SET @saved_cs_client     = @@character_set_client */;
/*!40101 SET character_set_client = utf8 */;
CREATE TABLE `auth_group` (
  `id` int(11) NOT NULL AUTO_INCREMENT,
  `name` varchar(80) NOT NULL,
  PRIMARY KEY (`id`),
  UNIQUE KEY `name` (`name`)
) ENGINE=InnoDB DEFAULT CHARSET=utf8;
/*!40101 SET character_set_client = @saved_cs_client */;

--
-- Dumping data for table `auth_group`
--

LOCK TABLES `auth_group` WRITE;
/*!40000 ALTER TABLE `auth_group` DISABLE KEYS */;
/*!40000 ALTER TABLE `auth_group` ENABLE KEYS */;
UNLOCK TABLES;

--
-- Table structure for table `auth_group_permissions`
--

DROP TABLE IF EXISTS `auth_group_permissions`;
/*!40101 SET @saved_cs_client     = @@character_set_client */;
/*!40101 SET character_set_client = utf8 */;
CREATE TABLE `auth_group_permissions` (
  `id` int(11) NOT NULL AUTO_INCREMENT,
  `group_id` int(11) NOT NULL,
  `permission_id` int(11) NOT NULL,
  PRIMARY KEY (`id`),
  UNIQUE KEY `auth_group_permissions_group_id_permission_id_0cd325b0_uniq` (`group_id`,`permission_id`),
  KEY `auth_group_permissio_permission_id_84c5c92e_fk_auth_perm` (`permission_id`),
  CONSTRAINT `auth_group_permissio_permission_id_84c5c92e_fk_auth_perm` FOREIGN KEY (`permission_id`) REFERENCES `auth_permission` (`id`),
  CONSTRAINT `auth_group_permissions_group_id_b120cbf9_fk_auth_group_id` FOREIGN KEY (`group_id`) REFERENCES `auth_group` (`id`)
) ENGINE=InnoDB DEFAULT CHARSET=utf8;
/*!40101 SET character_set_client = @saved_cs_client */;

--
-- Dumping data for table `auth_group_permissions`
--

LOCK TABLES `auth_group_permissions` WRITE;
/*!40000 ALTER TABLE `auth_group_permissions` DISABLE KEYS */;
/*!40000 ALTER TABLE `auth_group_permissions` ENABLE KEYS */;
UNLOCK TABLES;

--
-- Table structure for table `auth_permission`
--

DROP TABLE IF EXISTS `auth_permission`;
/*!40101 SET @saved_cs_client     = @@character_set_client */;
/*!40101 SET character_set_client = utf8 */;
CREATE TABLE `auth_permission` (
  `id` int(11) NOT NULL AUTO_INCREMENT,
  `name` varchar(255) NOT NULL,
  `content_type_id` int(11) NOT NULL,
  `codename` varchar(100) NOT NULL,
  PRIMARY KEY (`id`),
  UNIQUE KEY `auth_permission_content_type_id_codename_01ab375a_uniq` (`content_type_id`,`codename`),
  CONSTRAINT `auth_permission_content_type_id_2f476e4b_fk_django_co` FOREIGN KEY (`content_type_id`) REFERENCES `django_content_type` (`id`)
) ENGINE=InnoDB AUTO_INCREMENT=43 DEFAULT CHARSET=utf8;
/*!40101 SET character_set_client = @saved_cs_client */;

--
-- Dumping data for table `auth_permission`
--

LOCK TABLES `auth_permission` WRITE;
/*!40000 ALTER TABLE `auth_permission` DISABLE KEYS */;
INSERT INTO `auth_permission` VALUES (1,'Can add log entry',1,'add_logentry'),(2,'Can change log entry',1,'change_logentry'),(3,'Can delete log entry',1,'delete_logentry'),(4,'Can add group',2,'add_group'),(5,'Can change group',2,'change_group'),(6,'Can delete group',2,'delete_group'),(7,'Can add permission',3,'add_permission'),(8,'Can change permission',3,'change_permission'),(9,'Can delete permission',3,'delete_permission'),(10,'Can add user',4,'add_user'),(11,'Can change user',4,'change_user'),(12,'Can delete user',4,'delete_user'),(13,'Can add content type',5,'add_contenttype'),(14,'Can change content type',5,'change_contenttype'),(15,'Can delete content type',5,'delete_contenttype'),(16,'Can add session',6,'add_session'),(17,'Can change session',6,'change_session'),(18,'Can delete session',6,'delete_session'),(19,'Can add modelo_comentario',7,'add_modelo_comentario'),(20,'Can change modelo_comentario',7,'change_modelo_comentario'),(21,'Can delete modelo_comentario',7,'delete_modelo_comentario'),(22,'Can add modelo_empresa',8,'add_modelo_empresa'),(23,'Can change modelo_empresa',8,'change_modelo_empresa'),(24,'Can delete modelo_empresa',8,'delete_modelo_empresa'),(25,'Can add modelo_producto',9,'add_modelo_producto'),(26,'Can change modelo_producto',9,'change_modelo_producto'),(27,'Can delete modelo_producto',9,'delete_modelo_producto'),(28,'Can add modelo_cliente',10,'add_modelo_cliente'),(29,'Can change modelo_cliente',10,'change_modelo_cliente'),(30,'Can delete modelo_cliente',10,'delete_modelo_cliente'),(31,'Can add modelo_pedido',11,'add_modelo_pedido'),(32,'Can change modelo_pedido',11,'change_modelo_pedido'),(33,'Can delete modelo_pedido',11,'delete_modelo_pedido'),(34,'Can add modelo_encargado',12,'add_modelo_encargado'),(35,'Can change modelo_encargado',12,'change_modelo_encargado'),(36,'Can delete modelo_encargado',12,'delete_modelo_encargado'),(37,'Can add modelo_contador',13,'add_modelo_contador'),(38,'Can change modelo_contador',13,'change_modelo_contador'),(39,'Can delete modelo_contador',13,'delete_modelo_contador'),(40,'Can add FCM device',14,'add_fcmdevice'),(41,'Can change FCM device',14,'change_fcmdevice'),(42,'Can delete FCM device',14,'delete_fcmdevice');
/*!40000 ALTER TABLE `auth_permission` ENABLE KEYS */;
UNLOCK TABLES;

--
-- Table structure for table `auth_user`
--

DROP TABLE IF EXISTS `auth_user`;
/*!40101 SET @saved_cs_client     = @@character_set_client */;
/*!40101 SET character_set_client = utf8 */;
CREATE TABLE `auth_user` (
  `id` int(11) NOT NULL AUTO_INCREMENT,
  `password` varchar(128) NOT NULL,
  `last_login` datetime(6) DEFAULT NULL,
  `is_superuser` tinyint(1) NOT NULL,
  `username` varchar(150) NOT NULL,
  `first_name` varchar(30) NOT NULL,
  `last_name` varchar(30) NOT NULL,
  `email` varchar(254) NOT NULL,
  `is_staff` tinyint(1) NOT NULL,
  `is_active` tinyint(1) NOT NULL,
  `date_joined` datetime(6) NOT NULL,
  PRIMARY KEY (`id`),
  UNIQUE KEY `username` (`username`)
) ENGINE=InnoDB AUTO_INCREMENT=2 DEFAULT CHARSET=utf8;
/*!40101 SET character_set_client = @saved_cs_client */;

--
-- Dumping data for table `auth_user`
--

LOCK TABLES `auth_user` WRITE;
/*!40000 ALTER TABLE `auth_user` DISABLE KEYS */;
INSERT INTO `auth_user` VALUES (1,'pbkdf2_sha256$36000$X9SF6Ttciebs$v7N6Z2Nl9VPNhEA9NGP2HZ1QlMEmG0Am9JMjivte9y0=','2018-05-30 16:38:22.333230',1,'admin','','','joe@example.com',1,1,'2018-05-30 16:38:15.133435');
/*!40000 ALTER TABLE `auth_user` ENABLE KEYS */;
UNLOCK TABLES;

--
-- Table structure for table `auth_user_groups`
--

DROP TABLE IF EXISTS `auth_user_groups`;
/*!40101 SET @saved_cs_client     = @@character_set_client */;
/*!40101 SET character_set_client = utf8 */;
CREATE TABLE `auth_user_groups` (
  `id` int(11) NOT NULL AUTO_INCREMENT,
  `user_id` int(11) NOT NULL,
  `group_id` int(11) NOT NULL,
  PRIMARY KEY (`id`),
  UNIQUE KEY `auth_user_groups_user_id_group_id_94350c0c_uniq` (`user_id`,`group_id`),
  KEY `auth_user_groups_group_id_97559544_fk_auth_group_id` (`group_id`),
  CONSTRAINT `auth_user_groups_group_id_97559544_fk_auth_group_id` FOREIGN KEY (`group_id`) REFERENCES `auth_group` (`id`),
  CONSTRAINT `auth_user_groups_user_id_6a12ed8b_fk_auth_user_id` FOREIGN KEY (`user_id`) REFERENCES `auth_user` (`id`)
) ENGINE=InnoDB DEFAULT CHARSET=utf8;
/*!40101 SET character_set_client = @saved_cs_client */;

--
-- Dumping data for table `auth_user_groups`
--

LOCK TABLES `auth_user_groups` WRITE;
/*!40000 ALTER TABLE `auth_user_groups` DISABLE KEYS */;
/*!40000 ALTER TABLE `auth_user_groups` ENABLE KEYS */;
UNLOCK TABLES;

--
-- Table structure for table `auth_user_user_permissions`
--

DROP TABLE IF EXISTS `auth_user_user_permissions`;
/*!40101 SET @saved_cs_client     = @@character_set_client */;
/*!40101 SET character_set_client = utf8 */;
CREATE TABLE `auth_user_user_permissions` (
  `id` int(11) NOT NULL AUTO_INCREMENT,
  `user_id` int(11) NOT NULL,
  `permission_id` int(11) NOT NULL,
  PRIMARY KEY (`id`),
  UNIQUE KEY `auth_user_user_permissions_user_id_permission_id_14a6b632_uniq` (`user_id`,`permission_id`),
  KEY `auth_user_user_permi_permission_id_1fbb5f2c_fk_auth_perm` (`permission_id`),
  CONSTRAINT `auth_user_user_permi_permission_id_1fbb5f2c_fk_auth_perm` FOREIGN KEY (`permission_id`) REFERENCES `auth_permission` (`id`),
  CONSTRAINT `auth_user_user_permissions_user_id_a95ead1b_fk_auth_user_id` FOREIGN KEY (`user_id`) REFERENCES `auth_user` (`id`)
) ENGINE=InnoDB DEFAULT CHARSET=utf8;
/*!40101 SET character_set_client = @saved_cs_client */;

--
-- Dumping data for table `auth_user_user_permissions`
--

LOCK TABLES `auth_user_user_permissions` WRITE;
/*!40000 ALTER TABLE `auth_user_user_permissions` DISABLE KEYS */;
/*!40000 ALTER TABLE `auth_user_user_permissions` ENABLE KEYS */;
UNLOCK TABLES;

--
-- Table structure for table `django_admin_log`
--

DROP TABLE IF EXISTS `django_admin_log`;
/*!40101 SET @saved_cs_client     = @@character_set_client */;
/*!40101 SET character_set_client = utf8 */;
CREATE TABLE `django_admin_log` (
  `id` int(11) NOT NULL AUTO_INCREMENT,
  `action_time` datetime(6) NOT NULL,
  `object_id` longtext,
  `object_repr` varchar(200) NOT NULL,
  `action_flag` smallint(5) unsigned NOT NULL,
  `change_message` longtext NOT NULL,
  `content_type_id` int(11) DEFAULT NULL,
  `user_id` int(11) NOT NULL,
  PRIMARY KEY (`id`),
  KEY `django_admin_log_content_type_id_c4bce8eb_fk_django_co` (`content_type_id`),
  KEY `django_admin_log_user_id_c564eba6_fk_auth_user_id` (`user_id`),
  CONSTRAINT `django_admin_log_content_type_id_c4bce8eb_fk_django_co` FOREIGN KEY (`content_type_id`) REFERENCES `django_content_type` (`id`),
  CONSTRAINT `django_admin_log_user_id_c564eba6_fk_auth_user_id` FOREIGN KEY (`user_id`) REFERENCES `auth_user` (`id`)
) ENGINE=InnoDB AUTO_INCREMENT=2 DEFAULT CHARSET=utf8;
/*!40101 SET character_set_client = @saved_cs_client */;

--
-- Dumping data for table `django_admin_log`
--

LOCK TABLES `django_admin_log` WRITE;
/*!40000 ALTER TABLE `django_admin_log` DISABLE KEYS */;
INSERT INTO `django_admin_log` VALUES (1,'2018-05-30 16:39:17.412344','1','tio ss -25.668 -57.235 9238232 efectivo 19:00:00 00:00:00 1,2,3,4,5,6,7 5 km. 5000 Gs.',1,'[{\"added\": {}}]',8,1);
/*!40000 ALTER TABLE `django_admin_log` ENABLE KEYS */;
UNLOCK TABLES;

--
-- Table structure for table `django_content_type`
--

DROP TABLE IF EXISTS `django_content_type`;
/*!40101 SET @saved_cs_client     = @@character_set_client */;
/*!40101 SET character_set_client = utf8 */;
CREATE TABLE `django_content_type` (
  `id` int(11) NOT NULL AUTO_INCREMENT,
  `app_label` varchar(100) NOT NULL,
  `model` varchar(100) NOT NULL,
  PRIMARY KEY (`id`),
  UNIQUE KEY `django_content_type_app_label_model_76bd3d3b_uniq` (`app_label`,`model`)
) ENGINE=InnoDB AUTO_INCREMENT=15 DEFAULT CHARSET=utf8;
/*!40101 SET character_set_client = @saved_cs_client */;

--
-- Dumping data for table `django_content_type`
--

LOCK TABLES `django_content_type` WRITE;
/*!40000 ALTER TABLE `django_content_type` DISABLE KEYS */;
INSERT INTO `django_content_type` VALUES (1,'admin','logentry'),(10,'app','modelo_cliente'),(7,'app','modelo_comentario'),(13,'app','modelo_contador'),(8,'app','modelo_empresa'),(12,'app','modelo_encargado'),(11,'app','modelo_pedido'),(9,'app','modelo_producto'),(2,'auth','group'),(3,'auth','permission'),(4,'auth','user'),(5,'contenttypes','contenttype'),(14,'fcm_django','fcmdevice'),(6,'sessions','session');
/*!40000 ALTER TABLE `django_content_type` ENABLE KEYS */;
UNLOCK TABLES;

--
-- Table structure for table `django_migrations`
--

DROP TABLE IF EXISTS `django_migrations`;
/*!40101 SET @saved_cs_client     = @@character_set_client */;
/*!40101 SET character_set_client = utf8 */;
CREATE TABLE `django_migrations` (
  `id` int(11) NOT NULL AUTO_INCREMENT,
  `app` varchar(255) NOT NULL,
  `name` varchar(255) NOT NULL,
  `applied` datetime(6) NOT NULL,
  PRIMARY KEY (`id`)
) ENGINE=InnoDB AUTO_INCREMENT=17 DEFAULT CHARSET=utf8;
/*!40101 SET character_set_client = @saved_cs_client */;

--
-- Dumping data for table `django_migrations`
--

LOCK TABLES `django_migrations` WRITE;
/*!40000 ALTER TABLE `django_migrations` DISABLE KEYS */;
INSERT INTO `django_migrations` VALUES (1,'contenttypes','0001_initial','2018-05-30 16:37:30.665122'),(2,'auth','0001_initial','2018-05-30 16:37:30.989823'),(3,'admin','0001_initial','2018-05-30 16:37:31.070900'),(4,'admin','0002_logentry_remove_auto_add','2018-05-30 16:37:31.087541'),(5,'contenttypes','0002_remove_content_type_name','2018-05-30 16:37:31.163320'),(6,'auth','0002_alter_permission_name_max_length','2018-05-30 16:37:31.195954'),(7,'auth','0003_alter_user_email_max_length','2018-05-30 16:37:31.235730'),(8,'auth','0004_alter_user_username_opts','2018-05-30 16:37:31.248335'),(9,'auth','0005_alter_user_last_login_null','2018-05-30 16:37:31.280053'),(10,'auth','0006_require_contenttypes_0002','2018-05-30 16:37:31.283260'),(11,'auth','0007_alter_validators_add_error_messages','2018-05-30 16:37:31.294387'),(12,'auth','0008_alter_user_username_max_length','2018-05-30 16:37:31.331789'),(13,'fcm_django','0001_initial','2018-05-30 16:37:31.393522'),(14,'fcm_django','0002_auto_20160808_1645','2018-05-30 16:37:31.436941'),(15,'fcm_django','0003_auto_20170313_1314','2018-05-30 16:37:31.449232'),(16,'sessions','0001_initial','2018-05-30 16:37:31.480009');
/*!40000 ALTER TABLE `django_migrations` ENABLE KEYS */;
UNLOCK TABLES;

--
-- Table structure for table `django_session`
--

DROP TABLE IF EXISTS `django_session`;
/*!40101 SET @saved_cs_client     = @@character_set_client */;
/*!40101 SET character_set_client = utf8 */;
CREATE TABLE `django_session` (
  `session_key` varchar(40) NOT NULL,
  `session_data` longtext NOT NULL,
  `expire_date` datetime(6) NOT NULL,
  PRIMARY KEY (`session_key`),
  KEY `django_session_expire_date_a5c62663` (`expire_date`)
) ENGINE=InnoDB DEFAULT CHARSET=utf8;
/*!40101 SET character_set_client = @saved_cs_client */;

--
-- Dumping data for table `django_session`
--

LOCK TABLES `django_session` WRITE;
/*!40000 ALTER TABLE `django_session` DISABLE KEYS */;
INSERT INTO `django_session` VALUES ('n5prmuldvtmhtxavj9r9wb28lgp0qzvw','NzY5MzliN2Q3ZWJiNWE5MmRmZmVhMTc3MmMwYWE0NTljMjI4NGU0NTp7Il9hdXRoX3VzZXJfaGFzaCI6ImVkMTg4ODY0NmMyOWYzYWI5N2IxZDhmMzhjYjBjOTZmMmM0ZGUwYTkiLCJfYXV0aF91c2VyX2JhY2tlbmQiOiJkamFuZ28uY29udHJpYi5hdXRoLmJhY2tlbmRzLk1vZGVsQmFja2VuZCIsIl9hdXRoX3VzZXJfaWQiOiIxIn0=','2018-06-13 16:38:22.336509');
/*!40000 ALTER TABLE `django_session` ENABLE KEYS */;
UNLOCK TABLES;

--
-- Table structure for table `fcm_django_fcmdevice`
--

DROP TABLE IF EXISTS `fcm_django_fcmdevice`;
/*!40101 SET @saved_cs_client     = @@character_set_client */;
/*!40101 SET character_set_client = utf8 */;
CREATE TABLE `fcm_django_fcmdevice` (
  `id` int(11) NOT NULL AUTO_INCREMENT,
  `name` varchar(255) DEFAULT NULL,
  `active` tinyint(1) NOT NULL,
  `date_created` datetime(6) DEFAULT NULL,
  `device_id` varchar(150) DEFAULT NULL,
  `registration_id` longtext NOT NULL,
  `type` varchar(10) NOT NULL,
  `user_id` int(11) DEFAULT NULL,
  PRIMARY KEY (`id`),
  KEY `fcm_django_fcmdevice_user_id_6cdfc0a2_fk_auth_user_id` (`user_id`),
  KEY `fcm_django_fcmdevice_device_id_a9406c36` (`device_id`),
  CONSTRAINT `fcm_django_fcmdevice_user_id_6cdfc0a2_fk_auth_user_id` FOREIGN KEY (`user_id`) REFERENCES `auth_user` (`id`)
) ENGINE=InnoDB DEFAULT CHARSET=utf8;
/*!40101 SET character_set_client = @saved_cs_client */;

--
-- Dumping data for table `fcm_django_fcmdevice`
--

LOCK TABLES `fcm_django_fcmdevice` WRITE;
/*!40000 ALTER TABLE `fcm_django_fcmdevice` DISABLE KEYS */;
/*!40000 ALTER TABLE `fcm_django_fcmdevice` ENABLE KEYS */;
UNLOCK TABLES;
/*!40103 SET TIME_ZONE=@OLD_TIME_ZONE */;

/*!40101 SET SQL_MODE=@OLD_SQL_MODE */;
/*!40014 SET FOREIGN_KEY_CHECKS=@OLD_FOREIGN_KEY_CHECKS */;
/*!40014 SET UNIQUE_CHECKS=@OLD_UNIQUE_CHECKS */;
/*!40101 SET CHARACTER_SET_CLIENT=@OLD_CHARACTER_SET_CLIENT */;
/*!40101 SET CHARACTER_SET_RESULTS=@OLD_CHARACTER_SET_RESULTS */;
/*!40101 SET COLLATION_CONNECTION=@OLD_COLLATION_CONNECTION */;
/*!40111 SET SQL_NOTES=@OLD_SQL_NOTES */;

-- Dump completed on 2018-05-30 17:31:53
